User,Average Similarity
양정호3,1.0
kkomi222,0.99999994
달콩s2,0.99999994
쿠블cooble,0.99999994
ceh****,0.9999999
hhhhkhy,0.9999999
pink00ss,0.9999999
ps1****,0.9999999
시인 김윤아,0.9999999
이6754,0.9999999
soyonemy,0.9999998
빼미27,0.9999998
ownkayoung,0.99999976
도도맘35,0.99999976
랄라3970,0.99999976
비니3464,0.99999976
짝꿍땡이,0.99999976
hsk****,0.9999997
michel423,0.9999997
son****,0.9999997
younmi1102,0.9999997
봄날의 소풍,0.9999997
악몽45,0.9999997
gurik,0.99999964
nom****,0.99999964
whl6237,0.99999964
대유아범43,0.99999964
빵상37,0.99999964
사랑48,0.99999964
염탐소름,0.99999964
juliet22226,0.9999996
꿈꾸는 자213,0.9999996
타이거 손,0.9999996
dus****,0.9999995
사필귀정2,0.9999995
nayakb63,0.99999917
임탱3899,0.99864864
정윤숙30,0.9981678
안태원,0.9979039
Kim Tae Hwa,0.997164
파아36,0.99654365
Peter9710,0.99610144
cyboscch,0.9956389
천여사58,0.9954175
수제비555,0.9953997
랄라랄라45,0.9950211
ung****,0.9945744
joo****,0.9940135
미니3695,0.9938634
시안077,0.9933261
스마트한멸구씨56,0.9903645
mon****,0.9887292
눈아이32,0.9885601
pcs0949,0.98855275
드림걸20,0.98839617
yty****,0.9877832
이영자58,0.9872587
ekf****,0.98677564
서햄46,0.98657864
jsangbae91,0.986557
하늘 미소,0.98605317
ip****,0.98590225
반짝반짝17,0.98588634
파더7731,0.9847195
너여서너라서너니까,0.9832631
id****,0.9822025
dynamicuk,0.98194283
myc****,0.9811516
enq****,0.9810267
태미니염,0.98063236
jjb****,0.9803188
jhsmpp,0.97937596
cky****,0.97889924
이쁜공주92,0.97760564
cae****,0.977605
사시사철 쭈우욱,0.97638524
친친96,0.97603625
yek****,0.97519904
자몽34,0.97457904
하늘색꿈9668,0.9744318
크리스미,0.9741158
jksoon,0.9740026
순수7455,0.97394186
세모김밥60,0.9737113
dht****,0.9730694
jju****,0.97275525
zta****,0.9727466
kelly89815,0.9724984
isu****,0.9721209
roheyo,0.9716299
mi****,0.9712507
김은주6834,0.97066855
bon****,0.9705662
핑크마녀we,0.96915305
uji****,0.9690231
dud****,0.96869683
머슴둘이,0.96831715
쩡이53,0.9665405
mom016213,0.9661054
mta****,0.9661053
카푸치노가득,0.96579236
오로라공주용,0.9650147
영웅호걸7,0.96422476
queenalwl,0.9635437
ansswing,0.96288764
난타2000,0.9626204
asqwe12319,0.96259624
멍이14,0.9620668
yis1215,0.9620019
1004장,0.96134907
yun7894,0.96120685
wjsghfla86,0.96084255
nix****,0.96077865
inae0843,0.96065044
뿌니7848,0.9592571
잭슨41,0.95788246
cm****,0.95774895
카이로30,0.9557417
보리264,0.95448726
박은경4946,0.95400035
jol****,0.95365447
망 곰,0.9536222
kgo****,0.95298594
주호주아주빈맘,0.9528018
ba1****,0.9520836
욘34,0.9506579
hea****,0.9500024
내 보물이에요,0.94955546
찌우맘99,0.9492791
허벅지뱃살대마왕,0.9489224
ast****,0.9485269
올때 음료수,0.946713
Seo   h,0.9459261
lif****,0.9448261
연우맘3625,0.9442883
선이4788,0.9440508
삭이22,0.94361514
Serenity60,0.9435408
505****,0.9425206
jer****,0.94196546
태양3779,0.9415869
namonu,0.9410682
h026,0.9409462
dms****,0.9407142
sieu4536,0.9404972
팬더고양이,0.93992966
CHIBAUME,0.9393166
융딩,0.9385371
jrk****,0.9384449
KCKIM,0.9377913
주소윤44,0.9374268
goo****,0.937112
박하사탕113,0.93604636
Vero79,0.93604624
garamgogo,0.9358392
dec****,0.93561506
Ethan7244,0.9353326
yum6117,0.93463653
델리언,0.9329442
최재형948,0.93256503
이경화8,0.9325099
윤상일,0.93191683
tud****,0.93122035
nam****,0.9298763
lol****,0.9298759
ykd****,0.92862666
실버9490,0.928505
dog****,0.92813236
Ming3421,0.92685634
2566,0.92618614
지섭짱,0.9260141
swpark713,0.9258311
sb****,0.9255924
너굴잉13,0.9251562
울라푸우25,0.925113
제이와이7831,0.9249327
bsg,0.92487824
gus****,0.9246546
zer****,0.92462367
aus****,0.9239764
kathybill2,0.92333996
hjs****,0.92318404
신이222,0.9229371
갬289,0.9226161
4월 스토리,0.92260915
yun****,0.9224484
jinjin58,0.922332
뇽3362,0.92200017
verge,0.9218665
히복이,0.92130536
jjc****,0.9209176
뚜루뚜9257,0.92082906
신하얀15,0.9208043
fortuna22,0.9203343
gift04,0.9199747
yoonheechoi,0.91971356
라세르로,0.9194326
ykp4,0.9189069
씽푸66,0.9189029
shokhyong9,0.9185921
com4001,0.9184063
yji****,0.918239
chcoco38,0.91816306
허스키걸,0.9179532
이제막시작,0.9178316
aimee28,0.91703427
프랭클린37,0.916792
죠니7,0.91657233
rlawnstjd12,0.9158032
필승114,0.9156789
star4053,0.91565776
챈이쭌이,0.9150473
또치35,0.9143224
하랑55,0.9141973
hoj****,0.9141239
멧위,0.9138211
elle7415,0.91339815
dub****,0.9131176
silvia32,0.9128973
fin****,0.9128085
huk3030,0.9126183
whd****,0.91238904
xexity72,0.91197443
Dec16,0.9118378
FEN,0.9118239
다린25,0.911589
반짝785,0.9114267
VALEDICTORIAN,0.9113778
fyd****,0.91135275
ss****,0.9112947
b03****,0.9112683
eli****,0.9111172
소연9,0.91050464
라카쿠니,0.9103171
식물교,0.9098236
쑤이엔,0.9094107
오늘도빵순이,0.90880156
js6****,0.908707
몬난이56,0.90868324
히히7367,0.90831065
상냥한니킥,0.90808064
피식23,0.9079502
더 프렌즈60,0.90767795
위즈펫애견미용학원,0.90751266
링고1294,0.90733296
육님39,0.9072828
bye****,0.9072789
sav****,0.906945
DDung,0.9069101
핸드폰6,0.9067969
장갬미,0.9065792
앙앙이39,0.90653014
nike113,0.9063651
키득키득14,0.9061251
시호만세,0.90587574
띠용용용,0.9058066
swm****,0.90568846
라라라53,0.90566635
샐리5669,0.90535885
땅콩2592,0.9053585
quit2da,0.9043767
돈구리,0.90396845
벗꽃50,0.90382004
fnc****,0.9037681
Yubu,0.9035827
가나다라마바77,0.9033305
늘늘뉴리,0.90326416
아름다울사계절,0.90322703
JOYjoy,0.9030102
kjg****,0.9022277
로얄2857,0.9022207
순수한열정15,0.90206367
신아60,0.90202934
haaaaahaa,0.9020164
먹으러gayoung,0.9019607
ryo****,0.9017249
냥순이52,0.90148336
율히,0.9012864
bym****,0.90091735
jsy****,0.9006792
AC65,0.9006322
gyw****,0.90062976
supang911,0.9001999
모두그자리,0.90007794
울빵86,0.90001935
epd****,0.8997634
hjp0610,0.89974993
썬40,0.89969444
kb****,0.8993335
강단,0.8990324
Won1111,0.89852566
연우아빠65,0.89827675
howru230,0.89742696
mhm****,0.8974142
rho****,0.89739573
woozoocat,0.89721537
뇽뇽스944,0.8971047
미니지56,0.8970996
룰루랄라JS,0.89699507
자유공간38,0.8969783
jin****,0.89675266
hye57,0.8967226
지뚜짓뚜,0.8964245
jn****,0.89639163
빼쿄,0.8963809
앵순히,0.8961617
아리링95,0.89599806
달빛주스59,0.89587927
dwd****,0.89581436
나나1864,0.8957863
찐맛집다내꺼,0.89562035
림걸즈,0.895519
김말랑몰랑,0.895506
정혀니69,0.8954603
uneex1209,0.8950833
아이리스9411,0.89504695
줌284,0.89489627
짱아6067,0.8945345
Eunhyekieri,0.89435923
다이제13,0.89423156
강꿍실2,0.8941542
0025,0.89414257
pdolee,0.89406556
모모의 즐거운하루,0.8940348
aabc11z,0.89395505
a_c****,0.89394045
비오리짝꿍,0.89364153
Sskah,0.8935553
열달이,0.89351654
정선우35,0.8935045
류경ㅇ,0.8934879
민자우기,0.89341414
쟁이네1,0.893326
Wisdom614,0.8933128
쿄레,0.8932022
이슬맺힌백일홍씨,0.8931948
레오엄마00,0.8931358
rud****,0.89308465
찐맛집탐방가,0.8930617
BI지니,0.8930611
h3hdeb54i3be3ib,0.89274883
O248,0.8926456
보라공주0609,0.8925613
bab****,0.8923923
배불배불,0.89228725
행복나무751,0.89212984
보라앙마,0.8921082
sha****,0.8919524
다겸쓰,0.89186877
sr9****,0.89176935
세모나네,0.89160985
유후48,0.8915734
라온8994,0.8914148
juh****,0.89140177
열심맨,0.89135414
쟌7,0.8912756
Mooni95,0.8909117
박주하16,0.89063257
빠빠삐오,0.89061487
복숭아아앙,0.89049417
릿지44,0.8904407
뚱땅박하,0.89030313
ddppdp,0.89023316
VIVA Min,0.89021665
별의흐름,0.8900056
투투2236,0.8898972
지니36951,0.8898127
채히65,0.8898
곰쿡,0.8897847
원래정수정은천재라서53,0.88971025
초대리,0.88961303
도문대작,0.8895909
요뎅27,0.88948977
하니별ol,0.88942885
shsh4886,0.8893473
mys****,0.8893409
리히25,0.8891863
하루살EAT,0.88912416
covykim,0.8891238
좋으면리뷰하는,0.8891172
나야나6114,0.88903445
크누트47,0.8889664
흰둥이흰둥이이,0.88889
팅폴,0.8888631
mom****,0.88883597
kim023,0.8888252
소울메이트54,0.8888137
유민철8282,0.88879985
pupche,0.88878554
YHJY,0.8887701
gibunppa,0.8885676
TONY89,0.88846743
chh****,0.8884347
로이이2,0.88833547
궁시렁21,0.88814676
hwk86,0.8881113
타앗,0.8880908
훈민쓰,0.8880379
까을잉,0.88785255
주어니57,0.8878484
jjm****,0.8877598
Claire4817,0.8876335
메롱9740,0.8874034
삐약3930,0.8873353
siwon7942,0.8873157
xov****,0.8872241
emi****,0.8871675
allyeahh,0.8870614
f4****,0.88689667
바넷,0.886888
김병민67,0.88686717
한민재,0.8868162
다다빙빙빙,0.88659865
맛짱선배,0.8864501
서터를누른다,0.8864418
돈까2717,0.8864148
Lanslot,0.8864006
스피크아웃,0.8863182
hoo****,0.8862645
효니횬95,0.8862453
냠냠쩝쩝우적우적,0.8862218
뀨1612,0.88599837
interpc83,0.88588375
rud1278,0.8857644
okm9999,0.8856331
akj****,0.88560855
현2650,0.88549036
SY0407,0.88542575
세이브더칠리소스,0.8854091
ywm88,0.8851902
꼬북이544,0.8851495
zzonnnnnn,0.8851206
일상기로기,0.885067
김김시민,0.8849533
복돌이 누나05,0.8849068
써니993,0.8848315
고온95,0.8847745
어랍show,0.88473266
jake70,0.88468844
tlarud00,0.8844983
jhe****,0.88449204
s 아뜰리에81,0.8843589
진짜88,0.8843132
뭉이날자,0.8841606
햄토리버치,0.88412493
euna81,0.88411456
티니핑1,0.8840379
송이2866,0.8839806
bookes1987,0.88396734
긍정62,0.88393986
핼이,0.88393927
Dianeh,0.88390887
pss****,0.8838648
비밀의색30,0.8836837
줄리398,0.88366026
꿀꿀그램,0.8836353
이종현14,0.8835244
망글동이,0.88348675
으하하하8435,0.8834604
lil****,0.88338053
장진희34,0.88335925
Nmnm001100,0.88332796
쩡이4745,0.8832447
1866,0.8831803
럽리유아,0.88308275
감사4241,0.883075
콩이수81,0.88285017
gkeofl8077,0.88283694
화니456,0.88269585
뽀뽀양,0.88231856
아얌45,0.88227326
오늘은 돈카츠,0.8822533
삼삼07010801,0.8821177
욤쿵,0.88206965
에일리어,0.8820557
꼬꼬5135,0.882
도담도담91,0.88198614
죠오지9,0.881978
dlgpfus772,0.8819312
진진xi,0.8817176
먹순식,0.88163996
맛집만다니는언니,0.8816161
온경잉,0.8815853
마이썬4798,0.8815351
kh307,0.8812921
배고팡0ㅅ0,0.8812755
dal****,0.88119483
car****,0.8811941
Coraldiamond,0.88118976
LENAo4,0.8811777
FANCYLOG,0.88116795
몽몽푸드,0.8810858
혜릴,0.881072
발발이35,0.8810297
춘집사,0.88095087
ggㅎㅎ19,0.8809112
브미롱,0.8807877
dlr****,0.8807141
해바라기3099,0.88060284
흠542,0.88056546
융9349,0.88053846
떡이24,0.8805283
Matds,0.8804993
yud****,0.8803038
Nobrandchicken,0.88028413
라이꾸,0.88028413
콩닥콩닥2484,0.88009584
야미무무,0.8799662
kyhee18,0.87993526
의영1279,0.8797381
이나라78,0.87967676
jeilove,0.8796609
맛탱뤼,0.87962645
din****,0.8795855
kyunge36,0.87952125
하늘9523,0.87928814
몽뽀아,0.87925494
닝닝98,0.8789774
o_o****,0.878947
reiraa,0.878853
룰룰루루햠,0.87873334
달고나8569,0.87872946
환야15,0.87869644
qnddj1,0.8786842
감갬,0.8786689
쪼이13,0.87854344
빈니92,0.87850887
dot****,0.8784067
사악천사77,0.8783769
솔루션13,0.8783614
뎅이15,0.8783355
툴2,0.87825954
두산원년팬94,0.87815434
유유우우림,0.8780623
화양연화1234,0.8780568
호두까기17,0.87800086
KKKKKKK66,0.8779728
루렐리아,0.87775236
ika****,0.87768674
songje325,0.87760246
foodhwan,0.87758106
알럽에이브릴라빈,0.87740594
뭉치짱아,0.8772509
녀이,0.87721294
Jimmy02,0.87713754
dbd****,0.876936
영중 짱,0.87691057
뀨르귤,0.87688386
럽유98,0.87685806
츄르기,0.87681115
수박이95,0.87677705
뚜시88,0.8767591
미운천사14,0.8766956
goe****,0.876653
윤준희,0.87665
clara0306,0.87662464
검은잠비,0.87654513
dor****,0.87652916
찌니360,0.8763797
h_****,0.87634987
eun4062,0.87634134
가을하늘2436,0.87633246
뇽뇽냥5,0.87632746
팥듬뿍호빵,0.8763274
swa****,0.8763169
개츠비21,0.87626064
샤랄라 쏘,0.87625486
120985819,0.876086
솔직먹방,0.876082
od****,0.87606555
쭈혀니0029,0.87598693
ahaha23,0.87596434
hth****,0.87589675
별12,0.87589175
yj****,0.8758777
callahh82,0.8758599
윤수아빠56,0.87583846
S라인69,0.8757869
tec****,0.8757761
유댕댕의 하루,0.87571806
kss6307,0.8756947
rka****,0.87566406
안녕9,0.87552
먼지마밍,0.87549335
깡수s2,0.8753854
dada1104,0.8753114
문지인44,0.87527823
jjj****,0.8752554
vixen536,0.8752033
잉챠라떼,0.8751673
모ㄹ소ㄱ,0.87506914
lovely791229,0.87499446
얼리어먹터키키,0.87495375
oking16,0.8748978
쥬스2918,0.8748274
재벌가,0.8747233
dum****,0.8747111
good4458,0.8746639
bi****,0.87464935
rina10047,0.8746362
zzz****,0.87458605
츄아아앙,0.8745792
wual,0.8745628
탄이첫째누나,0.87452674
쇼퍼홀릭92,0.8744967
skswk82,0.87448287
다니에르l,0.87444425
yeonmin56,0.8744322
갈갈갈28,0.87442017
sunshinj,0.8743704
unknown1020,0.87436545
다람쥐7814,0.87434995
ranydream,0.8742421
uzzin2,0.87420255
어피치1158,0.8741207
러블LEE41,0.87412006
뷰티풀라이프29,0.87411183
wings of liberty,0.87397766
woo****,0.87397575
찌안찌안,0.87392414
쭈식가,0.87390137
희 이,0.8737093
pop****,0.87366027
kon1379,0.8736573
min****,0.8735564
JOHNMARSTON,0.8735459
seeU,0.87353164
채리의구석구석,0.87346554
GY8934,0.8734199
상큼아사랑해,0.8733966
00민이00,0.8733596
새꾸닢,0.8733094
김선형79,0.8732842
psycosy10,0.873213
슈공쥬,0.87317926
빙봉785,0.8731631
전국구강사,0.873159
검은우산산,0.8731088
yooo62,0.87289214
무수골경민,0.8728254
fon****,0.872705
톡톡1010,0.87266946
깜food,0.872663
라이온18,0.8725818
joannesam38,0.87256
시에나8,0.87248874
럽호린,0.87240803
olive5184,0.87232375
vva****,0.87231064
밍1690,0.8722858
정진욱96,0.8722024
조쌤안쌤,0.87217027
행꿈맘,0.87215173
silv2rain,0.87204474
hyojjuo,0.8720315
먹린의 전국일주,0.8720265
lIO0lIiilll,0.8719724
바카0815 ,0.87178373
모카요거트사줘,0.87177896
red****,0.87176573
leeshim,0.8717338
유니안젤라,0.87172544
도톨잉coowooc,0.8716847
올라봉봉,0.87168044
ㅇㅇㄹㄹㄹㄹㅇ,0.8716726
강지수15,0.8716407
케찹78,0.8716285
훈훈한형제,0.87155586
노원나들이,0.87145656
o1dd17,0.8714214
id4yu,0.8714179
Umiiiii,0.8714051
양소유님,0.8713762
뭘봐3824,0.8713536
용기로운생활,0.8713182
sue03210,0.87131363
수울술,0.8712891
biti,0.8712432
tjd****,0.87124264
rac****,0.8712331
김다빈8014,0.8711759
룽톨,0.87112546
배고파4932,0.87107766
황지은91,0.8710082
프리로즈,0.87098855
유리수92,0.8709768
hun****,0.87096846
hei****,0.8708463
amy****,0.8708337
victoria98,0.87080157
핑크와와,0.87078476
Jejusky,0.87078
투레빗맘,0.8706118
나티코,0.87058085
chemeina014,0.87057185
sm0723,0.8705712
clz****,0.8705419
한신8650,0.8705193
다래끼박,0.87048477
dudtnwkd852,0.87038404
뭉구름맘,0.87030774
민트초코만쉐,0.87029773
딩두딩듀,0.8701738
wls****,0.8701701
예슐랭 가이드,0.87012345
wnw****,0.87008154
단지161,0.8700513
리듬2048,0.86999494
소식성호,0.8699674
씅씅이2,0.8699421
밍크 인플루언서,0.86992687
차옹61,0.86970717
여미야미,0.8696262
ul****,0.86941296
김뽀41,0.8693652
정찰대장,0.86935085
떼벙희,0.8691999
명왕성37,0.86909646
당근시러6,0.86903733
밀림 김금손,0.869037
설화S,0.8689964
solvelyhwanvely,0.86893845
cs****,0.8688838
유쑤,0.86887676
날아라3997,0.86885643
네냥이집사,0.86867636
그녀의 책상,0.86856174
아롱90,0.86855733
dndus9,0.8685098
lsjajw,0.86850053
나무한그루97,0.86849004
양양이00,0.8684674
125875,0.8684376
서둥둥이,0.86841625
성호호령ㅋ,0.86840266
ksn****,0.8683737
thl****,0.8683673
뚱뺌,0.86835283
봄에피는나무,0.86832476
ahsirjd,0.8683223
영웅충이,0.86828697
찡2461,0.8682246
com****,0.8682035
윤제로,0.86815876
식이꺼71,0.8680378
9775,0.86801153
배너18,0.86798406
hanss1212,0.8679608
hha****,0.8679374
이도톨10,0.86792827
vit****,0.8678838
gracejji,0.86787325
이자벨라18,0.86778307
Lola50,0.86776316
ro****,0.86775535
띠로롱,0.86774117
뱀2729,0.86773133
훙힝46,0.8677092
jek****,0.86758566
은성5145,0.8675499
하니지니57,0.86754185
rmememr,0.867478
ㄱㅆ,0.86743444
매드해피,0.86737686
짱구야 안말려,0.8672686
끼군,0.8672293
뵤리플데이,0.8671181
징9661,0.86699796
hansooooooo,0.8669274
황달제너,0.8668913
고오5791,0.86688244
푸드Man,0.8668164
복숭밍밍,0.8667529
황학동티스푼,0.8667344
dbf****,0.8666949
MJAYJ,0.86664855
지멘쓰,0.8666468
초코양이,0.8665981
ehd****,0.86657256
원맨이야,0.8665598
바쁘다바빠현대사회ㄴ,0.86653036
ddi****,0.86648935
야옹9645,0.86640716
지리멸렬41,0.8663897
wld****,0.8663323
qnddj0,0.86628634
푸른하늘 은하수 하얀 쪽배,0.86620367
카오리538,0.86620265
zieunnie,0.8659833
먹낙이니까,0.86597514
ryeon33,0.8659204
라꿈,0.86591285
알뜰키즈맘,0.86584544
와이제이57,0.8657873
kyy****,0.86577
아기곰71,0.86571366
팽자몽,0.8656879
솜주먹56,0.86564386
sara210,0.86562914
아리송3878,0.86561084
랄랄라9939,0.8655727
민첩한광이,0.86555827
김젼K,0.8655272
라하베,0.8655206
바이올렛쭌,0.8652827
81kimmh,0.86514294
chanmi1925,0.8651047
1494,0.8650979
HJ2782,0.86508757
기즈모44,0.86508083
morning84,0.8650728
Yihan,0.86504376
tyrant,0.8650261
뮈엥,0.8649933
일일일일입니다,0.8649547
은까빙,0.864872
JJ77,0.864832
roundfrog71,0.86482704
지혀온온,0.86471486
뜰안의작은행복,0.8646909
태태87,0.8646796
맛도리주소,0.86437047
물쨍이,0.8641833
귀염둥이까꿍,0.8641762
pluslife7646,0.86414313
라리링링,0.8641241
샤인엄마,0.8640802
오트76,0.8640753
도베름 안,0.8639972
awa****,0.8638914
소마링47,0.86388826
장여사72,0.8638873
Hjin,0.8637108
허더기,0.86362475
새콤74,0.8636094
포송맘,0.8635484
leekong003,0.86354196
데굴데굴봄,0.8634338
y0727,0.86342394
WAVE84,0.86340797
해피해피얍,0.8634056
ch7****,0.86336166
hweee,0.863305
댕댕댕4184,0.8632736
hy****,0.8632651
Kositive,0.86318886
오버걸52,0.8631236
밍도닝,0.86310613
고목나무32,0.8630951
mijung9075,0.86307204
cod****,0.8630608
수박곤듀,0.8629171
냠냠북북,0.86287165
Ding Dong,0.862868
란트,0.8626836
나는현,0.86268234
me****,0.8626527
flrnrn,0.8625911
민초몬,0.86248034
뽈1013,0.8624599
톨z,0.8624204
whmm0508,0.86237353
Yeoranyu,0.86234677
맛나게냠냠냠,0.86234474
two12,0.8623244
anna flow,0.86225146
fromlake,0.8622376
효뭉S2,0.86221373
그린초greencho,0.8621336
노니야,0.86212486
Cadillac,0.8620407
Solee,0.8620168
부천후후,0.86200887
godkide,0.8619661
배고프지않냐,0.8619023
billberry,0.8618135
도도거만,0.86179864
로에,0.86178666
하양영영,0.8617718
김양희124,0.8617606
이소VeV,0.86171913
기보드파이터,0.8616953
들레63,0.86167246
달꼬매,0.86158013
박정은17,0.8614498
sse****,0.861389
PURPOSE,0.8613161
항상감사77,0.8612769
tae****,0.86121774
콩콩이엄마57,0.8611881
프랑수아92,0.8611277
KADE31,0.8610291
qrqr,0.8610147
뚝딱맘64,0.86100054
kue****,0.8609193
여우맘 야옹,0.8608392
브리그,0.86080486
momo30,0.8607987
달퐁65,0.8607867
라니애옹,0.86068535
수수꽃다리429,0.8605805
tykim70,0.86056834
dlshrl25,0.8605162
울라프랑함께,0.86048687
아들둥맘46,0.86047375
포로리05,0.86046964
ㅎ니은ㅎ,0.8603127
달lee,0.8602541
늘 배고픈 돌주먹,0.8601822
기면기고아님아니재,0.86016595
29251384,0.86
조아조아0624,0.8599638
이정원5218,0.85982454
강디옹,0.85979044
호두의맛집,0.85977864
지나가던행인96,0.85977393
ghk****,0.859749
먹고 마시는 즐거움,0.85968924
Chole82,0.8596278
휴리링22,0.85956436
Eungyo,0.85951644
으네프레소,0.859472
ttuttu,0.85938513
까칠한이여사,0.85938185
시러18,0.85927266
스마일레이디,0.85925925
151243,0.8592333
쿨제이95,0.85921204
vam****,0.8590015
whdahrdjaak63,0.8589683
삶의가치46,0.85891706
kyj****,0.8589141
쯔키86,0.8588786
v유자차v,0.8588105
졔졔혜,0.8588032
바부탱이87,0.8587449
징징이853,0.85873395
햇살나무20,0.8587138
헤헤뀨,0.85867107
estee1602,0.85843253
dream0519,0.85842663
fjr****,0.85840726
바비리본 큐빅공예,0.85836464
잘먹는전스틴,0.85834765
차차5118,0.8582782
요거투,0.858263
Flora Song,0.85825545
엔젤4791,0.85825294
ehdekehdek,0.85816693
초코송송 00,0.8579532
jys****,0.8578466
찌엉이40,0.85783184
젤리가조하,0.85778004
als****,0.8576905
쟤햐,0.8576731
치킨24,0.85766953
seslevel,0.85763395
가주 우렉마지노,0.8575413
먹뜯맛즐,0.8574983
jnk,0.8574974
Hoo7986,0.8574845
끼야98,0.8574371
산비둘xo,0.85743225
대지꽁꽁,0.8573537
만토바공작,0.85731596
hhhh6958,0.85729736
소담쓰담,0.85728896
칩코초트민,0.85726786
SOOHOGYM63,0.85725856
오트라떼맘,0.85724527
Review집사,0.8572267
하마하마hamahama,0.857194
옥타,0.85716826
섹쉬오들,0.85716224
엘비1790,0.8569626
그리다봄밤,0.8569433
AnP,0.85689723
밍꾼이,0.8568735
고독한혼밥러,0.85685664
EOS23,0.8568519
에이미율,0.8567434
ri****,0.8565941
똥글이7717,0.85655355
붉은지렁이70,0.85652673
DA75,0.8564589
나디양,0.85643023
희망으로 가득찬,0.8563645
션샤인 99,0.8563539
서리담다72,0.85632
null7778,0.8563098
비즈아이콘,0.8562715
해피트리2926,0.8562316
sih****,0.85622627
은총1,0.8562126
keep it real,0.8561805
쿠키5068,0.85614985
카초,0.85613114
Vivere27,0.85604924
bret2000,0.8559818
99miny,0.8559295
유단단단,0.8558678
비쥬9639,0.85585433
유넥스10,0.8558064
lux****,0.85577476
루네6689,0.8557565
달mm,0.85573775
갬성쟁이52,0.855679
까르보불,0.85566986
아랑50,0.85565645
필그림631,0.85563064
Callmebyyourname,0.855619
짬쫑,0.8556004
솔직한 아지,0.8555747
뎅뎅양이,0.85552806
lemonfin,0.85551715
Justone,0.85546106
구르미이97,0.8553851
my3920,0.85537016
친절한에밀리님,0.85533345
소소희희,0.8552996
명일의가배,0.85522395
tnw****,0.8552236
Jay975,0.8551784
jh7237,0.855145
오케이 장,0.85509676
zwndhks23,0.85505205
태양이쮸,0.8550355
바람소리137,0.85499614
룰류랄라1004,0.8548113
밤664,0.85476536
stellayse928,0.8547193
Yang D,0.85465115
amadroite,0.85452265
Little Mermaid,0.85447097
Hoyaaaaaa,0.8543888
메기86,0.8543502
yl1502,0.8543426
goodphy,0.85423434
몬몬몬몽몬,0.854063
캔디2020,0.85399985
skfka519,0.85398
가루쌀,0.85396534
냠냠7126,0.8539336
데찌,0.8538887
대박불끈,0.8538705
맨솔24,0.8538109
왜안바뀌징ㅇㅇ,0.8538073
sou****,0.8537386
쩔이,0.8536984
둥둥4057,0.85363597
멍뭉미0428,0.8535713
vic****,0.85353523
언제나 봄,0.8535245
사악5,0.85352015
얀냥냥얀,0.85349905
로링이,0.85345584
Alloydesign,0.853347
가나다라9156,0.85324824
꼬밍95,0.85323834
starry9168,0.85320044
박one,0.85319966
디카페인연하게,0.85308725
링당동67,0.85305125
bsh****,0.85304993
안쭈35,0.85302913
pej0193,0.8530093
CCccccccc,0.8529823
우애앵,0.85295457
세살더어리게,0.85294837
핑핑구구,0.8529213
알라뽕따이,0.85289377
릴리안나9,0.85284716
shi****,0.852843
권민9576,0.8528242
꽃뎅61,0.8528234
케이티6688,0.852764
아쉔,0.85271144
유효정76,0.85267735
유개념솔직리뷰왕,0.85262
아쉽지만이미사용중인닉네임이에요,0.8524975
점점점저,0.85245806
히송56,0.85238034
구떼신,0.8523756
신당동꿀주먹,0.85236096
룰루랄라라라라아,0.8522776
시시콜콜14,0.85221547
Choi9911,0.85220814
지영1162,0.85214514
Lotus09,0.85201705
한량3284,0.8519945
흠냐냐95,0.8518185
soh****,0.8517988
thankyou49,0.8517597
as3****,0.8516402
Edward49,0.85158545
ic723,0.8514799
생기빵빵,0.8513378
혜철잇,0.85127085
윰윰이,0.85117835
이쁜복덩이 maggie,0.8511378
매운라면51,0.8511266
김희래98,0.85110736
개구장이9,0.8510931
송진이20,0.8509915
no****,0.850975
kimyj665,0.8509448
Tklee83,0.8508922
대기업회장엄마,0.85087824
aa8389,0.8508716
마음잡기,0.85082334
geniuswon,0.85081744
VIP상담대표문의,0.85080624
yo****,0.8508047
제임스꿍이,0.8507705
ksh****,0.8507374
네안녕하세요그게바로저예요,0.85072535
Meggie,0.85056823
rvngtrbl,0.85055923
skyblue1118,0.85055333
삼분의일짜리행복,0.8501794
아재입맛언니,0.8501772
뉴릴릴릴리,0.850168
해떠요,0.8501546
hahatngus31,0.85011363
nagosomi,0.8500804
하늘구름점하나,0.8500599
먹는거에 진심인 여자,0.85005456
Blueberry7,0.8499755
1dldnwls,0.8498812
jiy****,0.84987915
무늬무늬,0.849862
예은아씨21,0.84984285
shine236,0.84983975
쩡4520,0.8498233
미리해봄,0.8497492
SQRA,0.8496124
모란모란한 몽몽씨,0.8495932
레볼루션48,0.84958994
Whatever44,0.8495562
btw9,0.84941226
kic****,0.8493992
꼬밍이랑마루,0.84937507
버터와플90,0.84926224
꿈을이루는연두,0.8491351
메텔9140,0.84907556
Nblogger hoon,0.84904456
고미4571,0.8490001
포비왕국,0.8489646
ttittittuttu,0.848958
깐지깐지요,0.8489453
밀밀ㅁ,0.84885675
수지양48,0.8488497
이유정763,0.8488114
모강지,0.8487164
Jessicat,0.84868777
yuvykko,0.8486592
Youryeong,0.84860957
재즈홀릭,0.8485903
아리식,0.8485818
eeehhh212,0.84857684
함부라지,0.84853375
균찌,0.84847933
hyu****,0.84847885
bolikim,0.8484378
fre****,0.84840304
ada****,0.84839493
Blume20,0.84827447
마늘젤라투투,0.8482742
임 콩지,0.8482038
kimu0305,0.8481405
차차랑밍밍,0.8480689
닝넹농,0.8479475
Just53,0.84794676
yu****,0.8479224
키라7270,0.8478678
myplog,0.8478113
moonhk58,0.84775966
루씨2993,0.8477263
아이리스 티나,0.8476474
수지니1213,0.84760475
JURANG,0.847578
음6232,0.8475717
러브앤라이프,0.8475561
sos****,0.8475441
옥 로그,0.8474185
응가누,0.84732366
dbsgmldlstjr,0.8472907
알록ilog,0.84724885
Bandi반디,0.8472165
뚜루뚜뚜하,0.8471874
제링이,0.84718716
캐슬란55,0.84713817
예유갓댓예미예미,0.8470287
알감자28,0.8469639
pbi6662,0.84684813
웃어요빙그레,0.8468227
qk****,0.8467384
찐찐4465,0.8467065
suj****,0.84663415
1231237841,0.84660465
gagasa94,0.8466027
sa****,0.8465642
루시드55,0.84648746
서귀포오,0.84636
맑음N,0.8462643
qkr****,0.8461851
oct****,0.8460638
umm****,0.845978
mj0613,0.84590346
young4757,0.8458763
narumi83,0.8458188
라옹냐옹,0.8456375
fai****,0.84556085
달잔이,0.84554166
나른한 날,0.84553415
마징가9138,0.84551275
가을아침78,0.845437
너구리리리리,0.84543145
jeeeee89,0.8454205
eh44mo,0.84525687
내가조아영,0.8452233
sok****,0.8452038
1등분석가,0.8451579
dnslek0829,0.84514946
감탄해,0.8451221
열매맺는 가을,0.8450628
WaterShadow,0.8450577
jee****,0.84505504
신나는 너굴,0.84496105
아라라4943,0.84489346
그때그놈,0.8448546
ald****,0.8447486
핏숏,0.8447407
리얼마인드,0.8446408
닐19,0.8446349
dnj****,0.8446335
이다미72,0.8445555
내안의너38,0.844489
허용우,0.8444704
khg9484,0.8444427
맛있는음식 좋아요,0.8443343
세콰노,0.8443227
뾰로로로로로로로롱,0.84429467
책크니,0.84429234
힝35,0.8442784
sss705,0.84425634
moneyfull49,0.8441769
예쁘고맛있는거조아,0.8441424
뭐232,0.84412885
pot****,0.8440939
일현기업,0.8438881
츄욱,0.8438564
솔직한리뷰어지요,0.8438303
y95096,0.8437835
one0nine,0.8437417
hae****,0.84367085
포도냐,0.84363997
포뇽언니,0.843631
유87,0.84358597
May927,0.84356314
힐링하리임,0.8435212
FOR DREAM,0.84344596
초안산로,0.8434283
ejfree017,0.8434166
막둥이9948,0.8434037
GetOver,0.8433879
윤달YD,0.8433132
무나나,0.843225
don****,0.8431902
wks****,0.84316945
dl****,0.84312785
괴도14 12,0.8430107
hjb8281,0.8429193
초코송이1020,0.8428982
밍 소,0.8428566
떠오르는호랑이,0.84277695
오른손은 거들뿐,0.8427624
이동네먹짱,0.84273607
바블의신나는세상,0.8425481
단e맘,0.8425033
eunju733,0.84245
happysun0415,0.8424014
Moonriver,0.8423835
LiaK,0.84234565
Yoonddo,0.8423206
할말만함,0.84209853
soly,0.8420559
1lovemsy,0.8420001
카사,0.8419416
황금들녘78,0.8419364
윤스쿡,0.8418727
yuzlee,0.8418708
idh****,0.8418506
layla555,0.84154797
강아지최고,0.84150165
허수아비6062,0.8412052
라떼 양,0.841172
Matzip tamhumga,0.8410798
짱구이마16,0.8410632
박하사탕1880,0.84095097
0iiiii,0.8409088
로컬흡입기,0.84083366
RedMoon,0.84083307
al0****,0.84067935
easy00,0.8406276
thg****,0.84060776
ReVieW,0.8405365
무요8451,0.8405187
yiy****,0.84047896
백민우66,0.84038043
울트라캡숑허접,0.8403149
노란색좋아하는09,0.84031427
아세로라71,0.84031314
카르하,0.8403119
궁금한 먹깨비,0.84025764
메이비911,0.84025764
리뿅,0.84022164
bej****,0.8401728
별빛가루2,0.8401157
봉자똑똑이엄마,0.83997184
mir****,0.8399497
cheerup999,0.8399327
angela3643,0.83992356
월출산67,0.8397487
난나니뇨1004,0.839716
tkd****,0.83968705
리비도 센,0.83965695
LizardKing,0.8395192
ch2****,0.8394172
앙뢰,0.839282
평강이6063,0.83926535
테 리,0.83919656
hiaejung,0.83914006
월영지의민,0.8391371
우주사랑80,0.8391299
둥둥둥3014,0.83900076
재민맘3210,0.838975
가티,0.83891284
달달달18,0.838893
짬장231,0.83884203
cla****,0.83884114
내가널원할때,0.83870715
dpf****,0.838671
goh****,0.8386705
김민서4017,0.83864325
이민트48,0.838519
장서진님,0.83851117
쿠룽쿠룽80,0.83844286
pamayaze,0.83842283
회장님89,0.83832043
샤코여친,0.83826196
wgr****,0.83814347
K써니짝궁60,0.83807266
루루삐,0.83806646
프리맨4692,0.8380521
맛집디오닝,0.8380379
바람의노래2,0.83794254
범윤맘,0.83793163
뽁뽁2188,0.8376521
오홍홍a,0.83752406
kyu****,0.83746123
Ssunakppa,0.83744514
SJY0718,0.8374399
으히힛37,0.8372293
하랑이맘98,0.8369886
edu****,0.8369194
kkw****,0.8369188
쩝쩝박사8282,0.8368833
으니요,0.83686215
쓰누88,0.83686024
manimoo,0.8367866
부르르45,0.8367617
뜌222,0.8367426
러비쥬68,0.83660626
dda93,0.8365444
kni****,0.83639616
뚜1092,0.8363505
찐6598,0.8362847
안군세상,0.8362501
콩이2224,0.8361775
dj****,0.83611476
somtal7114,0.8360927
통통햄찌,0.83597225
은설푸디,0.83591235
교사,0.8358888
yojojina,0.8358194
까페모카26,0.8357938
피터파파,0.83577347
맑은혀의광인,0.83573264
Semin,0.8356922
ye0****,0.8356103
nat****,0.83560264
신게좋아,0.83558846
odh8164,0.8355805
KThinQ,0.835565
희희맛,0.835475
보꾸마츠,0.8354462
꽃순이6924,0.8354077
추이익힌,0.8354044
참솔아,0.8353737
린에스테틱a,0.8353151
예서아빠66,0.83528966
나으리5,0.83523464
popo9592,0.83512586
스콘40,0.8347821
호국,0.8347549
박동호59,0.8346637
nnangja,0.8346042
고확행,0.8345833
뷔러버,0.8345732
또50,0.83455646
행운복19,0.8345314
오기꼬기57,0.83452016
행복만이21,0.8342998
whg****,0.83426094
라일락5098,0.8342247
neo1218,0.83421034
쩌쩌잉,0.8341868
cutetaa60,0.8340455
joinseon,0.83396864
꿈꾸는 담쟁이,0.8338294
만두바야바,0.8338128
박갑생,0.8337866
으라차차횬,0.83376575
윤윤로제62,0.83373314
glee29,0.8337176
사파이어5696,0.8334446
상큼한사람,0.8333063
선앤진맘,0.8332148
프라다의 여인,0.8331751
kyo****,0.83308995
w732,0.8330123
블루드레곤 날아오르쟈,0.8329552
00707,0.8328376
주낙현,0.83282757
초코케잌,0.83269686
찌니여지도,0.8326358
쿠키108,0.8325956
A Powerful Day,0.83255196
힌둥이1710,0.8324618
jplus,0.83246005
찬란한282,0.83235973
anna7289,0.83231056
ㅁㄴㅇ89,0.83230835
gkd****,0.83224297
웃어요693,0.8322354
NiaN42391,0.8321811
띠니니닌,0.8321806
dls****,0.8321364
먼지랑74,0.83208144
zlz****,0.8320779
Jazzin,0.83197796
luna7867,0.8319244
리베리베리베리베,0.8319112
보노보노3953,0.8318738
중국여행,0.8318527
설희5697,0.8317555
Mumununa,0.8317032
집없는 청년,0.8316075
asdf8730,0.83148056
ㅇㅇㅇ3257,0.83136725
우리가족17,0.8313149
yjy727,0.8313118
후후후우웃,0.8311498
das****,0.8311367
라이빗,0.8311349
09****,0.8310532
아지니여,0.8310064
김상복16,0.8309728
SJ09,0.8305688
맥주한잔에 취하는 술고래,0.8305645
Elpsyche,0.83044684
진주412,0.8303725
요정9360,0.8303603
냥냥냥69,0.83032435
mintya,0.8303152
술술술15,0.8303063
16315,0.8302866
Jeuni,0.83022386
베니스가면,0.83007205
dkelirig,0.82997024
Beeeom,0.8299498
들꽃8,0.8298591
감튀36,0.8297485
eyecoco1245,0.8296949
eeedk005,0.82967114
서인찌,0.8296101
dries,0.82959324
지아는 맛있는 게 좋아,0.8295215
uvg****,0.8294313
공 하,0.82940686
123moo,0.8293375
freshbans12,0.8293338
민아봉,0.82931715
ric****,0.8292823
하하99,0.8292477
hiluv,0.82923263
두레740,0.82921445
qhadl8,0.82918465
오하라116,0.829102
jeo****,0.82907563
RosE51,0.82906884
구럴수도있겠디,0.82906824
찌니찌니룽,0.82901573
7942alfk,0.828976
따랑천사,0.8289622
구리구리구41,0.8289082
az****,0.8288836
chr****,0.82878196
작은곰돌이푸,0.8286864
17년차설계사 송애란,0.8286313
eunoia유노이아,0.8286145
luminous zz,0.8284555
유333,0.8283656
숭구리당당뽀롱,0.8283032
Refinery,0.828236
하코냥,0.8282125
쑤니416,0.82819885
ilililililil1,0.8280764
여니님임,0.8277233
kej****,0.82771045
미실이891,0.8276141
맥최,0.8276123
오디당,0.82745326
jup****,0.827377
dasogrim,0.8273182
yubb2,0.8273101
hyo****,0.82716554
여니47,0.82713264
로봉달,0.82701814
Hanni88,0.82701457
eunipic,0.8268757
닉넴어렵네,0.8268183
라비올리53,0.826791
js1203,0.82677275
mis****,0.8267587
라온제냐,0.82645565
8125s,0.8264013
Haaaa69,0.8263952
맛있는것만먹을게요,0.8263935
Sparks83,0.8261709
모노코7790,0.82617086
서나1242,0.8260703
참취82,0.8259509
꿀돼에지,0.82588285
hidyyyy,0.82584023
주니9067,0.8257876
나는나너는너13,0.82578725
Christine21,0.8257338
겨울나무728,0.8256851
달구지인생,0.825626
울잠팅이,0.8255792
Pg131,0.8254106
Kay23,0.82537705
kol****,0.82534266
먹돈쓰,0.8252431
킴야kimya,0.8252146
sunnysunday,0.82520926
selah39,0.82504636
ma3d3am,0.8249271
흠60,0.8249029
pagekwon0117,0.82486445
깡지슈,0.82485324
bes****,0.8248112
깡다1783,0.8247405
s은지s,0.82473433
미식가콩순,0.8246416
79YOU,0.8246131
밤하늘에별별별,0.8244632
유지윤98,0.8243708
킴쿠,0.8242948
힝구855,0.8241136
mar****,0.8240968
yl****,0.8239954
dob****,0.82394046
박영일74,0.8238409
보람있는생활,0.8237942
Arc000,0.82375455
1108264,0.823737
현남매빠,0.8236901
goldnbs,0.82362854
dd9911020,0.82355756
니무니주민,0.8234501
우다다다김땅콩,0.82344884
냠냠8872,0.8232421
쑤기6878,0.8232102
sky****,0.82307434
네저T입니다,0.82302
cuplife,0.8230156
Luck97,0.82289255
gkh****,0.82286924
Anna,0.8227589
페퍼로니치즈피자,0.822752
꽃길걷는서울,0.8226934
닭가슴살30,0.8226564
shybluecat,0.8226542
조용이86,0.8226313
샤프란5393,0.8225872
반달2141,0.82255363
황후015732,0.82252455
먹자언니,0.8222444
owner31,0.8221587
황야의이리,0.82208365
져니1066,0.82205427
Shiro93,0.8219603
Do K,0.8218862
눈이부시게90,0.8218751
scorpion1458,0.82180965
종알비행기,0.8217608
행복제조기,0.8217462
아름비행80,0.82162386
swk****,0.82156575
urbandaydreamer,0.8215311
삐뚜년,0.8213842
nacho91,0.8213828
jkssk,0.82130486
오오이91,0.82125956
조수빈54,0.8212361
slrmi,0.82111216
z55****,0.8210772
mer****,0.82104796
가즈아아아8,0.8210187
노아공주왕자,0.8208743
설레임3868,0.820856
서다민,0.82080966
Iride,0.8207997
채초초,0.8207825
Edward6831,0.82077056
kal3317,0.82072306
wlsdud0122,0.8206605
Queserasera,0.82057947
y10****,0.8205552
bleu530,0.8204653
비엘기프트,0.82040584
ppeni,0.8203628
o무아지경o,0.82029027
ETF 10틱 찾는 돼지,0.8202822
gnr****,0.82023484
SuASuA,0.82022095
팜볼트,0.8200875
방작녀10cc,0.82002485
3107585,0.81992644
디주디,0.8199171
sadbeam,0.8199072
kty****,0.819879
wjdtnr23497,0.8196967
보라카이 호핑,0.81968766
써니8406,0.81958866
커피대신밀크티,0.8195434
검은콩반찬,0.8195291
왕슬비,0.81943786
키위빠더,0.8191117
미정왕,0.81907755
별내고운약국,0.819067
요니4413,0.81892455
붕어1023,0.81876004
가비영,0.8187315
뽀로로134,0.81870675
프로젝트7,0.81870395
yooeveryday,0.8186362
ㅎㅏㅇㅣ72,0.81855273
소중한사람3346,0.8184897
요고요고요고,0.8183764
jinhee8640,0.8183721
mskim0813,0.8183519
직설적먹부림,0.8181975
dre****,0.8181765
분홍당근,0.81811166
사막이,0.8181076
긍정96,0.81809527
crazyparao,0.8180843
jmo****,0.81802934
달팽이멍멍,0.8179396
사과농부1,0.81789327
yor****,0.8178892
illiliilillii,0.8176843
jjjjunnn,0.81746507
su8480,0.8174334
상콤발랄한라임,0.8173858
bkh****,0.81732875
손글씨76,0.8171992
030****,0.817188
하루종일31,0.8171544
귀염둥이사랑둥이재롱둥이맘,0.8171012
SEOEUNA,0.81705254
rinus38,0.8169619
챔챔43,0.81671566
yih****,0.81666315
꼬마2021,0.81653446
댠댠e,0.8165032
난중일기1225,0.81636375
두부탕데이지,0.8163304
고소미30,0.81629133
Chlgksthf,0.81625956
앤셜리6936,0.8161969
han****,0.8161932
박정변호사,0.8161702
sandipark,0.816168
bom****,0.8161325
jik****,0.81611425
안녕하세요2953,0.81609577
k5577273,0.81607753
heojsoo,0.8159303
애플페이,0.8159229
MSG5458,0.81591874
MINNE67,0.81580734
혜옹이89,0.8158028
리니어98,0.81576276
밥반찬89,0.8156754
secimi74,0.8154818
sj****,0.8154779
먹고 다닌 기록,0.8154148
미미쨈,0.8153565
mou****,0.81533086
선인장은뾰족해,0.8153221
정아영46,0.81526625
smmine00,0.81504905
짱아언니9130,0.81499743
자가용,0.8147975
어지뤄,0.814716
kor****,0.81457883
모두언니,0.81447726
아미강,0.8143642
ryu****,0.8143573
휘뚜루마뚜루87,0.8143512
펭수사랑,0.81419426
nius,0.81401354
h1618,0.81398875
sukyung0916,0.81390864
하더86,0.8138657
일등맘83,0.813731
corel7,0.81370836
깨순이5,0.8136927
엘렌ez,0.8133819
딸기모찌70,0.8133019
율블리반짝7,0.8131583
해천,0.8131457
doc****,0.81305707
뻐큐와 법규 사이,0.81289124
maz****,0.8128151
마루벌27,0.8128097
바다조아92,0.81280595
코코흰둥,0.81275666
크릭서스89,0.8126549
ii0****,0.8126311
sk8****,0.812459
lks3002,0.8123572
최히엔,0.8121269
P25,0.812106
리비유모온스터무난구기,0.81208676
콩0710,0.8119566
kim449,0.8119144
jya565073,0.81182736
kite613,0.81180835
뾰용69,0.8117298
로또2024,0.8115689
wel****,0.81126606
끼수니이,0.811231
ks1****,0.8112088
rla****,0.81118935
밍지8170,0.8110462
오션블루32,0.81089455
jhj0375,0.81080556
자연건조,0.8107834
madein1st,0.8106963
이재혁13,0.8106186
lyj****,0.8104768
최선과긍정,0.81042904
ram****,0.81037074
아란8234,0.81027365
쭌1763,0.8102129
난최고다4,0.8101963
튼실애비66,0.8101545
loveteddy,0.8101417
루스4789,0.81009996
곰돌이84,0.8100823
천방지축어리둥절빙글빙글,0.81000865
jis****,0.80996364
동밍딩,0.8099437
달링이7,0.80993134
Holymolly,0.80989957
lovekita,0.8098952
nus61,0.80981255
신정원39,0.8097657
연극치료사 김소진,0.80972147
msh****,0.8094693
구피족보,0.8094657
보리차999,0.8093435
루판,0.80920994
oh1****,0.80905455
박윤경2,0.80896205
참쉐,0.8088964
파란고양이48,0.80873275
난나니뇽86,0.8086921
sen****,0.8086723
구름애플,0.80862075
happiness123,0.8086171
선릉등대지기,0.80853474
poloworld11,0.80840474
파이란79,0.8083762
뾰햐,0.80836457
ths****,0.8083498
얌전한버섯,0.8082696
위대한마법사123,0.8081762
DoDoro,0.8081673
jerry94,0.80808103
열이공간,0.8080436
Amber91,0.8079618
cob****,0.8075395
강민봉,0.8075133
또로로롱3543,0.8075062
7712ysm,0.8074805
뱅기뻘,0.8074096
izzang4,0.8073932
인형스,0.8073078
Ons11,0.8072822
딱조아95,0.80677396
sjj****,0.80651766
톰파이터,0.8064299
바람239,0.8062147
홀롤롤루,0.8061736
김설마,0.80612606
danae77,0.8058231
코벅이,0.8055548
Ianism89,0.805531
ban****,0.8055138
쁘니려니,0.805504
Oo마녀oO,0.80549884
장수돌침대 성북점,0.8053882
궁굼행,0.8049444
테해,0.80493873
dustn0916,0.80475545
가라아게맛 푸딩,0.8047202
SH1114,0.804646
레이2712,0.80458164
kyg****,0.80453753
hyesung75,0.80449533
jos****,0.80442524
보조개왕67,0.8043781
strike200,0.80434716
파쿠르,0.8042506
zl****,0.80422556
홀로서기20,0.80393
d3****,0.8038589
먹스타 이리이리,0.803835
rkd****,0.80383044
Tasanee,0.80367225
해바라기9399,0.80351776
노원빵셔틀,0.8035132
예민한쿼카씨,0.80347365
뱃길따라,0.8034621
럭셔리오서방,0.80343
헤롱헤롱5349,0.8034122
냠냠냠먹어보자,0.80332696
소소한 먹방 윤슬,0.8033194
ddd4667,0.8031679
쇼니4929,0.8030805
매콤한내주먹,0.8030255
박곽경,0.80302477
월천액트,0.8029861
성훈이맘,0.80296415
열혈영자,0.8029363
몽6976,0.80293536
은쪼리v,0.8028022
ㅋㅋ42,0.80276024
수우퍼얀,0.8026871
welchs1978,0.8026737
gusfkrl,0.80263937
꼼꼼냥냥,0.8025993
당나귀58,0.8025865
정미영9581,0.80255395
빗소리1677,0.8024356
맛있는조합을좋아합니다,0.80233663
pae****,0.80229527
piimang,0.80224305
아름다이58,0.80222803
아이렌3859,0.8021611
솔직한리뷰씁니다,0.801963
ㅗㅓㅏ,0.8019322
별빛8351,0.8018442
먹사모1기,0.8017301
Blossom49,0.8016852
Ej78,0.801648
도도8581,0.8015588
도시라솔5,0.80155647
jmi****,0.80142426
zn5****,0.80138314
세상을안아라,0.8013394
wkwmdsk8614,0.8013023
Jiib,0.8012305
여행설렘즐거움,0.80110866
씨야77,0.80105585
janl22,0.8009581
글 리 밍,0.8007444
case192,0.80058515
nhr772,0.8004855
de****,0.8004672
Mini850722,0.8002968
hin90,0.800271
로미0502,0.80008733
madam2,0.8000166
지건우71,0.799995
쿠죠죠타로S2,0.79996055
hbk****,0.7999358
뎐87,0.7999194
달려라헌,0.79953414
비채29,0.799315
고양이러브,0.79924697
kisoyi,0.7992197
미미모아,0.7991666
꿀유자차72,0.7989297
미니미니21,0.79889923
으농농이,0.7988982
라밈85,0.7988031
ddd****,0.79872274
감자는케찹에,0.7985861
292****,0.79848367
maxracle,0.798366
청다미7,0.79829335
shj****,0.79825795
으라차차차찻,0.79806614
두번째서랍,0.7980023
bim****,0.7979145
나혼자상가,0.79789454
흙꼭두장군님,0.7978944
JUK,0.7978442
바나나를탄끼끼,0.7978429
bmsjop64,0.7977619
imsh94,0.79772025
aud****,0.79755944
maro67,0.79750985
쫄밍,0.79750645
든든이맘38,0.7973758
꼬북칩8631,0.79737246
꿈순이84,0.79734254
sh****,0.7972699
푸포퐝,0.79723173
소연97,0.79718363
Brkim,0.79710835
나26898,0.79693955
아톰발가락,0.79693484
abc991,0.79687494
박소희9012,0.796871
호두93,0.79668236
단발머리심청이,0.79666185
LKEN,0.79661316
tori1058,0.79660803
ledoo333,0.79650915
민듀82,0.79643106
노을1241,0.79639226
군장밤수,0.796307
nso****,0.7961907
실비아8367,0.7960141
아델2,0.7959788
전문가11,0.7959688
딜리58,0.795927
kimbo77,0.79589176
영주맘,0.7958791
툽툽28,0.79587036
헤헤헤19,0.79585165
철부지신부,0.7956812
든해솔20,0.79568106
92요다,0.7955986
ningning9,0.7955916
about23,0.79553205
0000006239,0.795465
vivapass,0.79545945
72b****,0.7953464
dptmejfb97,0.79533565
hap****,0.79533005
jko5757,0.79528075
행복해249,0.7952742
goodlegend,0.79526013
토마토4283,0.7950879
GA66,0.7950476
금중현,0.79502535
맛있는먹방,0.794867
똘돌이65,0.79480517
mz spring light,0.7947929
wjs****,0.79477686
phy****,0.79462504
이승은71,0.79456013
Ling23,0.79447025
vHMv,0.7944072
레고사탕,0.7943687
sol****,0.7943114
달빛천사27,0.794018
피스타치오435,0.7939672
gs****,0.7939661
청량한 Girl,0.7938225
CafeSoo,0.79361504
Ever0000,0.7934826
소정낭자38,0.7934824
뚝누,0.79341006
다혜네 지하실 1번방,0.7933164
rai****,0.79303855
순둥이51,0.79293424
꼼지91,0.79283375
메이플877,0.79271245
까루루50,0.7927124
ehsong1,0.79267585
경산 복어세상,0.79263395
Ham53,0.7925817
ado****,0.7925544
soultaker,0.79236954
새봄1577,0.79226017
똥즘그만싸,0.7922549
비예스60,0.7922255
아덜만,0.79219854
you****,0.79210705
탁월함의 추구,0.7920872
김호영61,0.7919953
hjs071850,0.7919592
시리864,0.7918404
miso777,0.7918352
jsm****,0.79167646
77레인보우,0.791618
best띠쳐,0.79132485
커피향55,0.7913128
예기좀,0.7911934
하늘바다해,0.791185
jg0903,0.7911833
happyhappy56,0.7911612
chl****,0.7911494
pur****,0.7911179
공47,0.7910476
동우69,0.7910293
사자2595,0.7909502
abc****,0.7909275
roh****,0.79077655
사랑해둥이44,0.7907332
Yㅡ,0.79072654
nnymi,0.7906132
꽁언니,0.79057187
low****,0.7905391
jih****,0.7905175
호크타운,0.79046595
86w****,0.7904359
nic****,0.79043067
Seo Mi Young,0.79038507
슬이결이,0.79037756
putiel,0.79034436
dbstjdal,0.7900567
jbg1925,0.78994465
limcelina,0.7898999
궁딩마마,0.78977954
genzzo38,0.78971714
주발이,0.78961515
ssun0207,0.7894799
깡총구리89,0.78934175
602602,0.78930587
ㅁㄸㅇ,0.7892997
아가릿다이어터,0.7892234
uhy****,0.78908676
아이사랑34,0.7890487
녱녱녱,0.7889693
오리공주님,0.7888523
하얀사과78,0.78884
eskimo,0.7887918
war****,0.78872347
쿠쿠921,0.7885099
행복한상상님,0.78843737
수민지민엄마,0.7882268
svs****,0.78820807
메타2040,0.78799003
Diana38,0.787945
80614,0.78792924
여민,0.7879282
하아니이,0.787697
LEA75,0.78762555
오로리76,0.78758204
lov****,0.78747886
소소한행복28,0.7874344
haeli19,0.7871374
보라해5475,0.7870042
MINCHELIN GUIDE,0.7869588
레몬에이드5161,0.78693616
아늑해,0.786916
꽃지니는 어디든 간다,0.7868114
해피바이러스0903,0.7867208
jiw****,0.7866245
앙듀옹,0.7865687
닐리리야8586,0.78630245
Dmsduddl,0.7862132
새봄95,0.7861148
Jejzxc,0.78611267
연쇄 팩트범,0.78601193
범이모친,0.78585863
용용이53,0.78578675
chaeeun22,0.7857463
강정EE,0.78570354
체리소다맛,0.7856634
csj1400,0.78565884
까니맘07,0.7856534
주섬주섬5959,0.78557444
앱85,0.78551316
작은돼지70,0.7854186
하늘님97,0.7854068
smile8227,0.7853965
봄처녀17,0.7852887
hojeong37,0.7851933
oooyyy,0.78501105
hellojungho55,0.7848644
낭만호랑이64,0.7847895
Kjheee,0.78478885
alt****,0.78459543
빵빵ㅇ이,0.78446007
아그네스1455,0.7844587
투훈남맘,0.78439134
joy****,0.7843082
nick,0.78420305
언 타,0.78393185
넝글이,0.78384155
코인스,0.78383756
저녁있는삶25,0.783828
tmd****,0.7837346
hye****,0.78368515
얌냠56,0.78353816
도르르를륵,0.7833263
tha****,0.7832536
92s****,0.78319365
펄아쿠아그린,0.78310955
tasotaso,0.78276724
하하그릇,0.782677
one8644,0.7826223
쇠고기미역국,0.78242964
lub****,0.7823902
010****,0.78233445
씨엘모,0.78230447
강소이0,0.7819528
comet1008,0.78185695
군쓰,0.7817241
돌체라떼74,0.78168243
Sliez,0.78156966
듕듕듕듕듕,0.78148925
마성녀,0.7814766
vmd kang,0.7814671
ljc****,0.78144425
짱짱짱955,0.7813617
즤751,0.78126854
라아23,0.7812326
wsagod,0.7811217
종시기,0.781116
미니블로,0.7810673
kwj****,0.7809642
미징어0301,0.7809577
oh-****,0.7808306
ckm6227,0.780805
wone2287,0.780749
리뷰돌이96,0.7807124
말먹이,0.7806945
wit****,0.7806544
식수대2 개80,0.78057384
검은별79,0.78047884
사냥꾼228,0.7803818
노드리54,0.7802985
지환맘25,0.7802608
낭낭88,0.7802207
Clear4,0.7801865
ksr****,0.78013337
비비925,0.78013307
5TAQ,0.7800509
밤하늘32,0.78001803
bai****,0.7799569
다람쥐산책중,0.77991307
jeong eun57,0.7797097
파란생강,0.7797017
Boursain,0.77964
kys****,0.77963865
alwaysloveyou,0.7793907
쓰으응으응,0.7792531
StaRNaMe,0.7792346
아싸라비아콜콜,0.77910304
하루토토,0.77903134
dearian,0.7788889
JHKKKK,0.7788738
뽀얀딸기,0.77853954
mih****,0.77843076
FD46,0.7782671
위풍당당85,0.7782576
안주탐험가,0.77822965
양양이다,0.77820945
엄청나22,0.77811146
기지륜,0.7780628
따아니,0.77800256
양진수,0.77798116
sh7512,0.7779489
kkonets,0.77788204
책벌레20,0.77771723
젤리쥬,0.77762794
크랜베리33,0.77761793
kim****,0.7774805
별표73,0.77738285
cav****,0.77730995
장위초등학교83,0.7771348
눙눙쀼,0.77707
오나의두환님,0.7767944
야무지게냠냠이,0.7765536
그레이스 임,0.7765207
나래만두,0.77640194
천사의외침62,0.7763019
점시견참적지전,0.776226
swj****,0.7761872
jbk84569,0.77615684
mj459,0.7761254
옥수수3166,0.77612394
서은지우,0.77607244
손고,0.7760631
부쪄해쪄,0.77593756
용쏭714,0.775701
미운우리백쪼,0.7756474
들 사람,0.77541167
three99,0.7751661
달달하,0.77486986
멜롱머스크88,0.774538
tls****,0.77434313
낌옌쓰,0.77419734
응응98,0.77383125
울남매맘,0.77382827
yhm****,0.7737928
라라7736,0.77373314
little wave,0.7737196
야코코코,0.773697
달해마님,0.7736482
a61****,0.7735673
kbk****,0.7735522
MINJEONG LEE,0.77349406
아미김,0.77338266
yuj****,0.7733739
얌순이76,0.7733112
ser****,0.77294606
juy****,0.7728488
ssosso97,0.77265185
llllllllll1212,0.77258456
lujina99,0.77249765
Ikigai,0.7724002
차경81,0.77237195
랑구니맘,0.77224135
연어1322,0.77221376
fks****,0.7720562
혜츄,0.77205163
sun****,0.7720088
비풍초70,0.77198184
04jiho64,0.7718504
제니7,0.7718501
뚱공돌,0.7718436
ekwla15,0.771736
SOHA98,0.77168685
아리차7,0.7716765
m2240728,0.7716726
th****,0.7716017
얼음공주459,0.77144057
윤6146,0.7714141
이지ㅖ,0.7713963
플러스에이87,0.771395
조혜선84,0.7708311
영영용용2121,0.770597
ilillllil78,0.77052015
영충이,0.77047163
하디하디,0.77012646
rmr****,0.76997435
고라니2894,0.7698753
배동한33,0.7698675
별빛아래에,0.7697438
쑤니정,0.7697221
Tianxurin,0.7697095
니니8371,0.7696854
yjkslove1,0.7696369
ui28,0.7696216
나나나야,0.7694164
bigfox2,0.76934063
ele****,0.76910144
반짝반짝653,0.76907223
즐거이45,0.76904035
명화0415,0.7689728
보배버킷리스트,0.76892716
졸탱,0.7688365
보름이,0.7686868
깔루아밀크11,0.7685931
그림쟁이4,0.7685535
찡39,0.7684799
Rachel7319,0.76842123
김지영구9967,0.76836884
오리궁뎅이2,0.7682845
범블대디,0.7680142
반짝이는 보조개,0.7676426
cindysuh00,0.7671165
뮨수,0.76710147
에디566,0.7670044
쟈스민8,0.7668599
영수증요정,0.7668548
고구마감자365,0.76678324
Aurora37,0.7667512
봄5357,0.7665132
해겸맘,0.76635253
팔색조맘71,0.76633894
Iilliliiill7,0.766108
너바나61,0.7660496
데빌사탕,0.7660344
아가페78,0.7659995
고굼자,0.7658773
Bigwave4242,0.76584727
반짝반짝별별,0.76583135
jyj****,0.76576436
슈비두비두,0.76575273
yk38,0.765715
yg2509,0.76556647
티아라빠13,0.7654552
쏠트1004,0.7653713
루나j,0.7653044
블리블리61,0.7651656
이본느37,0.7650905
레몬트리9948,0.76493585
kbg****,0.76488936
hyz****,0.7648479
dbs****,0.7648289
김여러곳,0.7648072
인형의꿈35,0.76480055
우주의달,0.76471096
박 차외,0.7645841
레퀴엠86,0.7644908
봄이다2437,0.7643773
해피0811,0.7643711
양사랑v,0.76433957
연꽃631,0.76430345
makssub,0.7642328
삼형제18,0.7642055
아띠단미48,0.76414627
티카,0.76407063
한씽,0.7639499
yyh****,0.7639172
Rosie 13,0.763859
콩콩맘56,0.7638393
wen****,0.76284266
자몽9876,0.7625919
탁61,0.7625359
hanl199850,0.762139
공룡쌤,0.76186764
물망초67,0.7617754
gnv****,0.7616622
임히지,0.761374
ohk1042,0.76130515
Krystalkklear,0.76110476
자몽에이드02,0.7610019
Bingbongdari,0.76035345
Ptmiiiiiii,0.760289
노마드Ri,0.7602692
ly****,0.7600353
omib,0.7600003
hc98472,0.7597918
SR부인28,0.7597213
km****,0.75961256
정확하고신속한맛집러,0.7593192
abb****,0.75897914
쇼바냥,0.75897425
하이다30,0.7588413
his302053,0.7580659
요가해봄,0.75805324
dpmsrudekf,0.7578428
san****,0.7575289
김현범91,0.7572203
watso,0.75714225
소소한행복행,0.75697887
omg****,0.7567901
knsocio,0.75670564
ee****,0.7566991
cjj****,0.75652665
주리85,0.7560493
깜지39,0.75600374
꼬르륵르,0.75587505
박시우86,0.7557507
suirrrrr,0.7555617
bea****,0.7555536
dew****,0.75540316
이론64,0.7553812
우126,0.7553188
뿜뿜이요,0.7551216
엘사 ㅇ,0.7550478
엉뚱5772,0.7549933
뇹68,0.75479794
데이브1983,0.75458187
나는 행복하고 평안한 사람입니다,0.7545425
jnj****,0.7545143
FOGGY,0.75451225
jso****,0.7543975
힝힝이힝힝,0.75434506
warm40,0.7542356
dan****,0.75418234
chi****,0.7535542
예닮이 엄마28,0.75344485
쏘선생0803,0.7534426
꾸러기맘4944,0.7534168
맛71,0.7531899
조한준,0.7531006
Roggie,0.7529501
이쁜걸로해,0.7529291
gkx****,0.75288004
H33ns,0.7528788
다오니8871,0.7528727
호야8311,0.75284296
으니5,0.7526614
phk****,0.75249535
지리학자 터치,0.75238746
맘에들면신나서길어지는리뷰,0.7523074
아니무언,0.75213426
이유진9631,0.7520747
akd****,0.752069
naturrr,0.7519443
파랑앤홍,0.75181705
751****,0.75162035
tla****,0.7514979
피날레22,0.7510622
seoming0,0.7509646
jan26nfeb04,0.75060105
jun****,0.7503341
ysj****,0.7503318
박긍정65,0.7502425
미이인저엉,0.7501482
루이랑91,0.75004846
숙이778,0.7500036
써업76,0.7498673
hailey74,0.7496117
해피홀릭88,0.7496099
오늘도두근,0.749432
tmfrl890920,0.7492146
psm****,0.7490808
happy2373,0.74903053
Kslice,0.74902314
By instinct,0.74888116
wis****,0.7485323
복리,0.7484059
ibbuny777,0.7483916
수바기박수,0.74831694
zz7196,0.74830884
냐옹멍멍47,0.74776566
wjd****,0.7476795
Luisa31,0.74756986
kimfkdl38,0.74721473
xj428,0.74719584
혀냐31,0.747184
아나맘22,0.74715936
ms****,0.7470336
happpyyy,0.7469883
minepado,0.7469577
clg****,0.7466739
경자홀릭,0.74625635
치즈8765,0.7459758
WD18,0.74539715
뭉뭉9165,0.74480045
totoro65,0.74452144
Wony lord,0.744308
웃음마녀77,0.7441981
문희원40,0.7441883
봉봉쓰28,0.74408317
emma1735,0.743363
진찐ㅎㅎㅎ,0.743079
한별253,0.7424555
방가방가햄토리57,0.7421093
워니아,0.74203426
범웅 맘,0.74197364
hnh****,0.74163043
그럭저럭364,0.7413823
다롱8478,0.74132925
shl****,0.7412568
둥글이51,0.74115074
yah****,0.74110466
두산의승리를위하여,0.7410855
skr****,0.74104524
좋은 빵돌이,0.74073285
qlsdksp,0.74042946
che****,0.7403312
phj****,0.74030334
이선희9,0.7400569
arigatow,0.73979765
송혜정9364,0.73976046
해리포터66,0.73944557
냠냠쩝쩝25,0.7394038
oh5****,0.7393167
오렌지빛96,0.73915
toy****,0.7389136
안하74,0.7388176
신아연57,0.7387431
노력중,0.7386564
psh****,0.738629
1778999,0.73855126
이신형51,0.7383569
바람세기,0.73816264
똑순순둥,0.73809505
이현진78,0.73782414
Dream7727,0.7377602
알콩달콩 새댁,0.73706216
eunbda83,0.73700136
옥수수차가조아5,0.7368112
쫑54,0.7364111
세탁기63,0.7360475
귀차니즘8,0.73603415
하하호홍70,0.7355485
칸7461,0.73543495
느낀대로 리뷰,0.7353538
파리그라피,0.73522085
ksk심쿵,0.7349767
2골뱅,0.73456955
오궁이33,0.7342649
hey****,0.7340794
ppo****,0.73397815
lei02,0.7338966
bae****,0.7338609
펑키56,0.73380226
보거스4678,0.7337079
kwing2002,0.7337026
버블179,0.73352075
yoo****,0.7331151
jloveccm,0.7330874
이쁘니536,0.7325924
olz****,0.732522
흐르는 사랑,0.7324817
soro778828,0.7324345
We can do it  현민은,0.7323621
jjinijini,0.7320865
팝팝9644,0.73201007
마플마,0.7317168
멍머햐트,0.7315644
박현영179,0.7313339
Hdidntn,0.7311839
별별별별9638,0.7306467
Sponge25,0.73008674
해어화20,0.72981626
긍정2528,0.7291655
밍327,0.7291476
시리우스23,0.72902924
나야3552,0.7288951
살자구요 잘,0.72887224
서희945,0.72874737
셜록8,0.72872764
소나무2573,0.7286387
win****,0.7285974
쥴리앙67,0.7283201
chd****,0.7278139
최한솔55,0.7275708
조은아이92,0.7273676
cho****,0.7270937
무엇을물처럼먹었나,0.7269979
Pesse6,0.72684336
jjunga,0.72675115
kjh****,0.7267348
KzKzKz,0.72659653
삐니85,0.7264496
mn****,0.7263693
해피윰8,0.726327
냠냠쩝쩝박사님,0.7260019
원더브라,0.72540736
돆앵,0.72530514
K0823,0.72480243
Wol,0.72477096
하늘색9,0.7243459
gaeunc,0.7241496
blu****,0.7240489
구매욕구,0.7238783
for****,0.7237378
first Katz,0.7228393
O뽀또O,0.72244245
쿠루캬캬,0.721106
미미6621,0.7207716
행보카게,0.7207697
SUMIN25,0.7207072
튜잉v12,0.71935576
ooc****,0.7191938
큐피트57,0.7190127
dudrn0301,0.71887654
케로로0,0.7182339
달맞이꽃40,0.7182005
아메리카노27,0.71798617
hellohey,0.7178232
HJ맘0815,0.717819
웃음스테이크,0.7177601
미소천사349,0.7170696
심냐앙,0.71699905
새새개,0.7164212
makjoo71,0.7159054
gksdnjs2,0.7156443
해삐쥬쥬,0.7149282
kmj****,0.7148496
sin****,0.71479166
사랑894,0.7143647
Rooda,0.71336216
FZ,0.7131543
옥이랑,0.71251535
식물탐험가,0.7124224
Kelly happy,0.71242076
곱이,0.7122401
MIN3192,0.71171725
Answer0613,0.71044374
kym****,0.7103929
960****,0.7099637
jgs916,0.709509
Chaney1,0.70912457
1234566625,0.70842123
snmn,0.70828086
맛집 다 가곱다,0.7080303
너와함께35,0.7078759
bin2292,0.707853
곰팅913,0.70781916
소연3579,0.7070902
서유정456,0.7067207
yla****,0.706569
이선주5271,0.7061122
전설의 야구왕,0.7059976
동동하노리,0.70529836
양꽁이59,0.7050119
euh****,0.7048148
사랑해8982,0.704499
동동1722,0.7044441
상큼발랄32,0.70431805
eow****,0.7039439
정환희25,0.70387584
미소8488,0.7036042
보름이마미,0.7035201
작은나무 혁,0.7030595
열씨미8431,0.70245624
TY49,0.70107085
썸타임제주,0.70106524
카페라떼 처럼,0.7010307
fb****,0.7006193
아이린4133,0.7004225
Introduce MaMan TOP,0.6998652
cha****,0.6998313
스타74,0.69982165
대식가12,0.69951504
김진국75,0.69913715
hee****,0.69895613
엔시젤르,0.6988559
ha****,0.6983181
짱이8,0.69818217
개빵빵,0.69700366
Eun hoon,0.69629955
hss****,0.6955988
kra****,0.69540155
gah****,0.69515276
검나조아,0.69508964
19챌91,0.69498795
매력덩어리4140,0.69445384
aimeeee,0.694005
mun****,0.6937797
oee24,0.6934382
soo****,0.69317704
lee****,0.6930148
orangewilly,0.69248337
지옥의단두대,0.69064367
대박꾼,0.6903608
par****,0.68979
burningbitz2,0.68970585
라일락향기가득1,0.6893376
11881,0.6892153
qgm222,0.6888978
푸른누리,0.68864816
눈누난낭나,0.6884518
불주먹7979,0.6881545
jeonsira,0.6877358
E5sie 52,0.6865163
하쓰리38,0.6863963
이 푸우,0.68639356
주식누나,0.6863502
삔227,0.68592983
ssolssola,0.6854069
첫열매4,0.6853528
rynhsyg,0.6847282
ljo6088,0.6840312
수동이71,0.6838867
이러나저러나구찌,0.6837274
겸둥이8787,0.68316424
찌롱이96,0.68247473
쪼물이917,0.6813464
미어캣99,0.6813381
렘온젤릐,0.6811733
레이나627,0.6805801
금상첨화51,0.68002784
alice2082,0.6784239
황금별7258,0.6784035
공도42,0.6782175
엘리야44,0.67815864
징징공주,0.67777634
iok0508,0.6774727
용용이7841,0.67729884
좋은친구5274,0.6770515
알라씨61,0.67629975
seo5475,0.67628694
do****,0.6759297
Happy eunji,0.6757651
단이9717,0.6753522
pin****,0.6750579
kar****,0.67412955
꿀밤알밤맘,0.6739033
다다64,0.67314047
scandal265,0.67296475
울짱아공주,0.67274994
BunnyuM,0.67214143
ssinnal,0.672085
삼공주83,0.67185116
뇨뇨냐냐냐뇨냐뇨냐,0.67156297
837,0.67077374
STEIN,0.6705583
은향씨,0.6701567
키키비비,0.6697843
dos****,0.6691155
눈먼기사,0.66908705
빵수니219,0.6688055
콩이폴리,0.66862714
송향5426,0.6684475
XxXxX654,0.66831994
악어새9179,0.66827124
둡76,0.66805106
햇샬,0.66750693
sesy104,0.66749567
Abc74,0.6665676
상상이이,0.6650428
이구아나2026,0.66428584
mjung24,0.66370815
Pro7,0.6636536
new****,0.66365355
SJ535,0.66309536
moo****,0.6629201
밀리언맨48,0.6627471
하늘높이31,0.66212714
웅가로7,0.6621121
Seng33,0.6616534
에델,0.661055
eun****,0.6604679
나이다솔,0.6602933
꼬마병장,0.6598612
J나,0.6597599
my****,0.6594674
후후맘6,0.6591594
_7,0.6575844
dlw****,0.65703595
고기킬러야,0.65605396
아자아자9327,0.6551339
뿌꾸빠리,0.6547481
언젠가는12,0.6544919
요리의세계,0.6539784
a1827a,0.6539705
Lightist,0.65390646
40****,0.6537766
seo****,0.65276015
felizjenny,0.65229404
로또리69,0.6520965
hkj****,0.6518224
ssh****,0.6517776
kedo2000,0.6514535
llIIllIIllII,0.6507961
J의 일상,0.6502593
kan****,0.64972955
망고빙수92,0.6475053
eb****,0.6454614
쀼44,0.6442967
위유우,0.6433635
Gkkeokf,0.6430526
cys2753,0.6373314
송정환33,0.6372892
행운의 여신1292,0.63600004
깻잎29,0.6350623
freerit,0.6345665
감쟈감쟈2,0.63247067
땡큐샘,0.63061506
슝슝8260,0.6283029
리싱,0.6274061
dkf****,0.6263066
러댜냐,0.61975783
daw****,0.6193654
xor****,0.6101277
nmn****,0.6069734
ililililiilil,0.60629237
sind77,0.6055134
obaha,0.6036011
fineapple35,0.60317904
아이끌레이,0.59732735
동그라미3421,0.5906081
kwl****,0.58540016
kod****,0.58073616
우갱47,0.5768873
최순영84,0.56388146
겸둥줄스,0.5551239
예쁜이7242,0.54742754
zo_****,0.54558384
hi****,0.533922
chj****,0.5279457
진1472,0.52772254
hwh1445y,0.51265275
람이씨,0.4802333
내맘 쑥,0.47640643
은 별,0.41954574
